,c1_c2,c2_c3,c3_c0,p1,p2,p3,p4
0,6.7910682750128775,6.999999652201162,17.660043150656026,[  11.20083141 -158.27005005],[  12.91868973 -151.65808105],[  18.92899132 -148.49661255],[  25.92893219 -148.52529907]
1,6.7910682750128775,6.999999652201162,17.660043150656026,[  11.20083141 -158.27005005],[  12.91868973 -151.65808105],[  18.92899132 -148.49661255],[  25.92893219 -148.52529907]
2,6.7910682750128775,6.999999652201162,17.660043150656026,[  11.20083141 -158.27005005],[  12.91868973 -151.65808105],[  18.92899132 -148.49661255],[  25.92893219 -148.52529907]
3,6.789445759908584,6.9908095767840965,17.661322533117318,[  11.20083237 -158.27005005],[  12.92676258 -151.65058899],[  18.93982315 -148.49786377],[  25.93057823 -148.52546692]
4,6.779689981924453,6.966824394103722,17.674002050950612,[  11.20083237 -158.27005005],[  12.95948219 -151.62068176],[  18.98073769 -148.50480652],[  25.94752312 -148.52810669]
5,6.765338518955864,6.939164558709891,17.71029170831098,[  11.20083237 -158.27005005],[  13.01783562 -151.56689453],[  19.05698967 -148.51756287],[  25.99612999 -148.53590393]
6,6.746579911404457,6.911157390112997,17.770442407548558,[  11.20083237 -158.27005005],[  13.10076523 -151.49101257],[  19.16563797 -148.53573608],[  26.07678223 -148.54920959]
7,6.7250376165924175,6.882902992527235,17.853046795857377,[  11.20083237 -158.27008057],[  13.20656109 -151.39520264],[  19.30500603 -148.56057739],[  26.18790436 -148.56858826]
8,6.7065223695810285,6.852609778189784,17.953899615665463,[  11.20071888 -158.26293945],[  13.33261585 -151.28244019],[  19.47618675 -148.59283447],[  26.32879639 -148.59423828]
9,6.68913734690132,6.823506237676899,18.067040968615544,[  11.20014858 -158.23455811],[  13.4807806  -151.15240479],[  19.67734146 -148.63304138],[  26.50084496 -148.62692261]
10,6.6708692768868865,6.797703402317591,18.189403274579377,[  11.19956684 -158.18084717],[  13.65203857 -151.00498962],[  19.9050827  -148.68121338],[  26.70277214 -148.66743469]
11,6.651994261198309,6.772625593738906,18.3169615093847,[  11.19799995 -158.09799194],[  13.84737492 -150.84150696],[  20.15796471 -148.73782349],[  26.93055916 -148.71728516]
12,6.635734739959669,6.746781847839086,18.450843425529662,[  11.19608879 -157.98469543],[  14.06733227 -150.66329956],[  20.43720245 -148.80380249],[  27.18392181 -148.77476501]
13,6.624621880429569,6.721160079019538,18.594678873447734,[  11.19408035 -157.84451294],[  14.3124876 -150.4723053],[  20.742733  -148.8793335],[  27.46378517 -148.84124756]
14,6.621210935718314,6.696043591022753,18.750278238706898,[  11.19159508 -157.67697144],[  14.58274746 -150.26939392],[  21.07405472 -148.96426392],[  27.7699337  -148.91731262]
15,6.626360628249866,6.671771909446869,18.919073863600552,[  11.18867874 -157.48069763],[  14.8801012  -150.05966187],[  21.43031693 -149.05799866],[  28.10186005 -149.00274658]
16,6.641904567363583,6.6482959382213345,19.102776452373213,[  11.18566132 -157.25514221],[  15.20416927 -149.84385681],[  21.81072617 -149.15953064],[  28.45872688 -149.09687805]
17,6.660653863934948,6.631884177433405,19.30338980936247,[  11.18319702 -157.00047302],[  15.55669498 -149.62852478],[  22.20840073 -149.28338623],[  28.83974457 -149.19873047]
18,6.671984189675002,6.636128375282996,19.52352502637686,[  11.18218327 -156.71714783],[  15.93824673 -149.41804504],[  22.61016846 -149.44691467],[  29.24482346 -149.30708313]
19,6.687601234866109,6.653517106971582,19.765111360843104,[  11.18399143 -156.40586853],[  16.3487606  -149.21586609],[  23.02336121 -149.63265991],[  29.67348862 -149.42030334]
20,6.727795091460646,6.65498571893474,20.029440243978655,[  11.19046974 -156.06741333],[  16.78837967 -149.02754211],[  23.47449112 -149.77529907],[  30.12518501 -149.53633118]
21,6.776388966782571,6.652843684230013,20.317171405750614,[  11.20395279 -155.70265198],[  17.25681496 -148.85813904],[  23.95154953 -149.90693665],[  30.59954453 -149.65298462]
22,6.826779511851495,6.6522494845437485,20.625753928173207,[  11.2272377  -155.31274414],[  17.74851227 -148.71278381],[  24.44654083 -150.03237915],[  31.09350204 -149.7671814 ]
23,6.874065733521013,6.6517331077793935,20.93304629999538,[  11.26356411 -154.89930725],[  18.24106216 -148.59657288],[  24.9383049  -150.14567566],[  31.58449364 -149.87414551]
24,6.899147334228765,6.64835592478232,21.23980250654253,[  11.31652641 -154.46426392],[  18.7545166  -148.51611328],[  25.43331528 -150.24581909],[  32.07607651 -149.97312927]
25,6.916578124945324,6.642576036866568,21.54912440550931,[  11.39002323 -154.01000977],[  19.27746582 -148.46888733],[  25.93798065 -150.33345032],[  32.57517624 -150.06614685]
26,6.929361522422441,6.6353460930269135,21.86178541710885,[  11.48876572 -153.53936768],[  19.80739975 -148.45622253],[  26.45603371 -150.40858459],[  33.08638    -150.15104675]
27,6.934679928978205,6.627319539742324,22.17628251696798,[  11.61707878 -153.0553894 ],[  20.34859276 -148.47329712],[  26.98938751 -150.47070312],[  33.61221313 -150.22668457]
28,6.931823851615684,6.618899647309911,22.49386883831526,[  11.77535152 -152.56793213],[  20.90246773 -148.51705933],[  27.53883171 -150.51927185],[  34.15385056 -150.29264832]
29,6.920857317269502,6.610423044770176,22.818418784170333,[  11.9601326  -152.09326172],[  21.46901131 -148.58639526],[  28.10448837 -150.55329895],[  34.71173096 -150.3482666 ]
30,6.9025947290326455,6.60218730930733,23.14547588666122,[  12.17366028 -151.63250732],[  22.04822922 -148.67901611],[  28.68615913 -150.57208252],[  35.28591156 -150.39279175]
31,6.882553495162583,6.594246408892204,23.467510196156145,[  12.42106533 -151.18833923],[  22.63240242 -148.80834961],[  29.28368378 -150.57752991],[  35.87618637 -150.42588806]
32,6.866629173259919,6.5867499770090365,23.783579892822594,[  12.7007618  -150.76139832],[  23.21606445 -148.98313904],[  29.8966713  -150.57061768],[  36.48226929 -150.44743347]
33,6.852209472819391,6.579764418767783,24.096205170510473,[  13.00779343 -150.3584137 ],[  23.81259727 -149.17347717],[  30.52470589 -150.55201721],[  37.1037941  -150.45768738]
34,6.838901813200234,6.573275241551048,24.400937807994552,[  13.34400368 -149.9866333 ],[  24.43030548 -149.34768677],[  31.16745567 -150.52301025],[  37.74040222 -150.45727539]
35,6.829699439056448,6.567187144225914,24.705866306599514,[  13.69874763 -149.6499939 ],[  25.06386375 -149.51780701],[  31.82467461 -150.48539734],[  38.39175034 -150.44714355]
36,6.825024246518432,6.561405872370499,25.015232150142886,[  14.06559277 -149.34934998],[  25.71364403 -149.68041992],[  32.49614334 -150.44111633],[  39.05753708 -150.42849731]
37,6.82457295258416,6.555794562733999,25.32675727545705,[  14.4452486 -149.0811615],[  26.38037872 -149.82955933],[  33.1817131  -150.39227295],[  39.73749924 -150.40278625]
38,6.827767101293228,6.550215714117843,25.63810493981207,[  14.83895683 -148.8421936 ],[  27.06395912 -149.96307373],[  33.8812561  -150.34104919],[  40.4314003  -150.37165833]
39,6.833778404668953,6.544597129957414,25.94889615736972,[  15.2462492  -148.63165283],[  27.76410294 -150.07878113],[  34.5946312  -150.28952026],[  41.13905716 -150.33685303]
40,6.841689928645108,6.538846349338483,26.259242710661336,[  15.6663475  -148.44941711],[  28.48033905 -150.17504883],[  35.32172394 -150.23965454],[  41.86029053 -150.30014038]
41,6.850581465291786,6.532949138373672,26.569021879539033,[  16.0988636 -148.2956543],[  29.2120266  -150.25109863],[  36.06236267 -150.19311523],[  42.59493637 -150.26315308]
42,6.859686371611245,6.526899420828285,26.878658803452602,[  16.5429554 -148.1709137],[  29.95842552 -150.30595398],[  36.8163681  -150.15129089],[  43.34282303 -150.22746277]
43,6.868358739467109,6.520708955658903,27.189054404288477,[  16.99739075 -148.07539368],[  30.71888924 -150.34141541],[  37.5835228  -150.11523438],[  44.10375214 -150.19432068]
44,6.8762900103593525,6.514439909301981,27.5010290810134,[  17.4611187  -148.00939941],[  31.4927597  -150.35957336],[  38.36359024 -150.08561707],[  44.87754822 -150.16485596]
45,6.883467716222139,6.508118840612053,27.81606269647221,[  17.93239975 -147.97349548],[  32.27924347 -150.35951233],[  39.15631485 -150.06283569],[  45.66397858 -150.13980103]
46,6.889812972286936,6.501804439007733,28.136456332960133,[  18.40874672 -147.96813965],[  33.07812881 -150.34637451],[  39.96142578 -150.04679871],[  46.46282196 -150.11965942]
47,6.895505536921794,6.495519791918352,28.4650178438375,[  18.88720512 -147.99363708],[  33.88914871 -150.32441711],[  40.77867126 -150.03723145],[  47.27384186 -150.10458374]
48,6.900749324460783,6.489309122146077,28.803729099854102,[  19.36594963 -148.04692078],[  34.71198654 -150.29595947],[  41.60777283 -150.0342865 ],[  48.09680176 -150.09458923]
49,6.905717702174716,6.483192811142975,29.154035004431073,[  19.84379196 -148.12319946],[  35.54645538 -150.26364136],[  42.44847107 -150.03755188],[  48.93145752 -150.08927917]
50,6.910707410609773,6.4771549111618985,29.51787142377105,[  20.31898499 -148.21873474],[  36.39230347 -150.22775269],[  43.3005867  -150.04472351],[  49.77759552 -150.08822632]
51,6.915816834981148,6.471183282591232,29.89655940868726,[  20.79030418 -148.33024597],[  37.24946976 -150.19270325],[  44.16390228 -150.05433655],[  50.63498306 -150.09075928]
52,6.921044555566743,6.465266727619429,30.292821943820254,[  21.25478935 -148.46020508],[  38.11780548 -150.15994263],[  45.03820801 -150.06567383],[  51.50340271 -150.09619141]
53,6.926385778219557,6.459389892753381,30.7030316804367,[  21.71658134 -148.5982666 ],[  38.99712372 -150.13059998],[  45.92330933 -150.07794189],[  52.38264465 -150.10449219]
54,6.931770014837738,6.453561323833895,31.132393736500035,[  22.16971588 -148.75808716],[  39.88725662 -150.10650635],[  46.81900787 -150.09037781],[  53.27252197 -150.11506653]
55,6.937147141463405,6.447774675936867,31.586304031030714,[  22.60799789 -148.96226501],[  40.78798676 -150.08880615],[  47.72512054 -150.10241699],[  54.17285156 -150.12614441]
56,6.942457530222907,6.442033258901688,32.05061023461573,[  23.04660606 -149.19773865],[  41.69908905 -150.07754517],[  48.64145279 -150.1136322 ],[  55.08344269 -150.13726807]
57,6.947652739605283,6.436327979354826,32.49887881478168,[  23.51402283 -149.3918457 ],[  42.62036514 -150.07203674],[  49.56782532 -150.12376404],[  56.00410843 -150.14779663]
58,6.952741933962615,6.430668851445168,32.945414894150815,[  23.99451447 -149.56828308],[  43.55157089 -150.07147217],[  50.50404358 -150.13265991],[  56.93466568 -150.15718079]
59,6.957704478231444,6.42508242100389,33.396186059405814,[  24.48148537 -149.73817444],[  44.49250031 -150.07577515],[  51.4499054  -150.14031982],[  57.87493896 -150.16537476]
60,6.9625566038779425,6.419537878412633,33.84955136849139,[  24.97629547 -149.8973999 ],[  45.44297791 -150.08309937],[  52.40524292 -150.14682007],[  58.82472992 -150.17237854]
61,6.967312767529006,6.414051158319837,34.29967026478597,[  25.48446465 -150.04370117],[  46.40282059 -150.09190369],[  53.36987305 -150.15213013],[  59.7838707  -150.17832947]
62,6.971985757488097,6.408609645539946,34.743467930472,[  26.00870323 -150.17686462],[  47.37184906 -150.10145569],[  54.34361649 -150.15663147],[  60.75217056 -150.18331909]
63,6.97656353216085,6.4032322482679715,35.179255957275444,[  26.55036736 -150.29548645],[  48.34989166 -150.11151123],[  55.3262825  -150.16059875],[  61.72945786 -150.18759155]
64,6.981054187371646,6.397912152842871,35.60623365823851,[  27.10992622 -150.39788818],[  49.33678436 -150.12120056],[  56.31770706 -150.16404724],[  62.71556091 -150.19136047]
65,6.98547075214989,6.392629433544033,36.0241366301221,[  27.68731117 -150.48326111],[  50.33235168 -150.12994385],[  57.31772232 -150.16734314],[  63.71029282 -150.1947937 ]
66,6.98979716900314,6.387399597445331,36.43313969207861,[  28.28206062 -150.54997253],[  51.33644104 -150.13764954],[  58.32616043 -150.17062378],[  64.71350098 -150.1980896 ]
67,6.994047255590948,6.38223027170817,36.833531213289525,[  28.89361191 -150.59744263],[  52.34885788 -150.14433289],[  59.3428421  -150.17402649],[  65.72501373 -150.2013855 ]
68,6.998211518701688,6.377114026786876,37.22575311940009,[  29.52129745 -150.62600708],[  53.36945343 -150.15008545],[  60.36761093 -150.17758179],[  66.74466705 -150.20475769]
69,7.002285228273475,6.372050997478253,37.610277486144255,[  30.16445923 -150.63633728],[  54.39807129 -150.15492249],[  61.4003067  -150.18133545],[  67.77230072 -150.20828247]
70,7.006278100953246,6.367056638871102,37.98758126143219,[  30.82248497 -150.62969971],[  55.43453979 -150.15916443],[  62.4407692  -150.18528748],[  68.80776978 -150.21200562]
71,7.010188594437516,6.362096809791283,38.358029880917336,[  31.49486351 -150.60783386],[  56.47871017 -150.16313171],[  63.48884964 -150.18937683],[  69.85089111 -150.21591187]
72,7.014024415282146,6.3571940783967,38.72194212697868,[  32.18120193 -150.57295227],[  57.53042221 -150.1668396 ],[  64.54439545 -150.19363403],[  70.90153503 -150.21995544]
73,7.017769141833027,6.352356390489989,39.07951285480747,[  32.88121414 -150.52758789],[  58.58953094 -150.17054749],[  65.6072464  -150.19799805],[  71.95954895 -150.22415161]
74,7.021448955592456,6.347564669576576,39.43082939714245,[  33.59471893 -150.47459412],[  59.65587616 -150.17437744],[  66.67726898 -150.20245361],[  73.02478027 -150.22848511]
75,7.025052031520892,6.342826480364706,39.77591125259433,[  34.32159805 -150.41680908],[  60.72931671 -150.17835999],[  67.75431061 -150.2069397 ],[  74.09708405 -150.23287964]
76,7.0285665861806885,6.338157329987163,40.11472633431095,[  35.06177521 -150.35707092],[  61.80971146 -150.18254089],[  68.83821869 -150.21142578],[  75.17632294 -150.23736572]
77,7.032027368124096,6.333526201403979,40.44722455772878,[  35.81516647 -150.29806519],[  62.89691162 -150.18685913],[  69.92887878 -150.21595764],[  76.26235199 -150.24186707]
78,7.0354154230670645,6.328940599549267,40.77335761360758,[  36.58166885 -150.24211121],[  63.99078369 -150.19129944],[  71.02613831 -150.22055054],[  77.35502625 -150.24636841]
79,7.038726298306498,6.324416655718625,41.09319730808296,[  37.36107254 -150.18934631],[  65.09119415 -150.19590759],[  72.12985992 -150.22509766],[  78.45422363 -150.25097656]
80,7.0419684472754795,6.3199458055157285,41.40672347894858,[  38.15323639 -150.14297485],[  66.19800568 -150.20057678],[  73.23991394 -150.22969055],[  79.55980682 -150.2555542 ]
81,7.04514943703323,6.315513164437663,41.71396567090756,[  38.95796204 -150.10481262],[  67.31108856 -150.20527649],[  74.35617828 -150.23428345],[  80.67163849 -150.26014709]
82,7.0482618274407685,6.311141620605882,42.01502348092824,[  39.77500916 -150.07501221],[  68.43031311 -150.20996094],[  75.47851562 -150.23887634],[  81.78960419 -150.26475525]
83,7.0513134970277305,6.306815790299736,42.31002157573301,[  40.60408783 -150.05352783],[  69.55554199 -150.21456909],[  76.60679626 -150.24346924],[  82.91355896 -150.26934814]
84,7.054288623764353,6.302551057357852,42.59911525392845,[  41.44493103 -150.03996277],[  70.68667603 -150.21923828],[  77.74090576 -150.24806213],[  84.04340363 -150.2739563 ]
85,7.057202779133435,6.298339479112256,42.88247274416242,[  42.29722214 -150.03456116],[  71.82357025 -150.22392273],[  78.88071442 -150.25268555],[  85.17900085 -150.27853394]
86,7.060056086850501,6.294166047647667,43.16018436256973,[  43.16074753 -150.03543091],[  72.96611023 -150.22860718],[  80.02610779 -150.25735474],[  86.32022095 -150.28315735]
87,7.062856051440618,6.290046146666747,43.432395479337714,[  44.03527069 -150.04100037],[  74.11417389 -150.23330688],[  81.17697144 -150.26205444],[  87.46696472 -150.2878418 ]
88,7.065587662893634,6.28597177172466,43.69922105269954,[  44.92055511 -150.05125427],[  75.26766205 -150.23799133],[  82.33319092 -150.26681519],[  88.61911011 -150.29252625]
89,7.068258302706753,6.281966310689438,43.96075519285825,[  45.81641388 -150.06404114],[  76.42643738 -150.24267578],[  83.49463654 -150.27159119],[  89.77655029 -150.29728699]
90,7.070875225557073,6.2779914294128565,44.21706482951879,[  46.72266006 -150.07769775],[  77.5904007  -150.24745178],[  84.66121674 -150.27638245],[  90.93915558 -150.30207825]
91,7.073423484434472,6.274085149678828,44.468237949190836,[  47.63912582 -150.09144592],[  78.75944519 -150.25222778],[  85.83280945 -150.28117371],[  92.10684204 -150.30685425]
92,7.075956672160071,6.270178869944884,44.71434640562251,[  48.56561279 -150.10467529],[  79.93345642 -150.25701904],[  87.00935364 -150.286026  ],[  93.27947998 -150.31169128]
93,7.078390616310606,6.2663489459944985,44.95547620420652,[  49.50193787 -150.11680603],[  81.11234283 -150.26185608],[  88.19067383 -150.29090881],[  94.45697021 -150.3165741 ]
94,7.08078622602139,6.2625799317343995,45.191726045547156,[  50.44792557 -150.12771606],[  82.29598236 -150.26673889],[  89.37670898 -150.29579163],[  95.63923645 -150.32142639]
95,7.083128430433343,6.258856631091487,45.42315376632662,[  51.40339661 -150.13713074],[  83.48428345 -150.2716217 ],[  90.56735229 -150.30067444],[  96.82615662 -150.32626343]
96,7.085424858875953,6.255164035018542,45.64985810935654,[  52.36815262 -150.14508057],[  84.67715454 -150.27650452],[  91.76251984 -150.30555725],[  98.01763153 -150.33114624]
97,7.087660315250685,6.251562928510603,45.87192984945139,[  53.34202576 -150.15161133],[  85.87447357 -150.28138733],[  92.96207428 -150.31045532],[  99.2135849  -150.33602905]
98,7.089880262861633,6.24796951377093,46.08943988245209,[  54.32482147 -150.15705872],[  87.07615662 -150.28631592],[  94.16597748 -150.31533813],[ 100.41389465 -150.34091187]
99,7.092016350618301,6.244421625380896,46.30244084162352,[  55.31638718 -150.16159058],[  88.28213501 -150.29129028],[  95.3740921  -150.32028198],[ 101.61846161 -150.34579468]
100,7.094106724915788,6.2409350835932464,46.51106554092187,[  56.31652069 -150.16548157],[  89.49228668 -150.29627991],[  96.58633423 -150.32525635],[ 102.8272171 -150.3507843]
101,7.096174273591295,6.237486626130221,46.71536211850533,[  57.32508087 -150.16897583],[  90.70652008 -150.30125427],[  97.80263519 -150.33023071],[ 104.04006958 -150.35575867]
102,7.098173220604626,6.234083819790765,46.915417531422946,[  58.34188843 -150.17228699],[  91.9247818 -150.3062439],[  99.02289581 -150.3352356 ],[ 105.25692749 -150.36073303]
103,7.1001495917337305,6.230741798971804,47.11133435518753,[  59.36677933 -150.17553711],[  93.14694977 -150.31123352],[ 100.24703979 -150.34031677],[ 106.4777298  -150.36572266]
104,7.102103075853357,6.227407843562406,47.30310453244247,[  60.39960861 -150.1789093 ],[  94.3729248  -150.31620789],[ 101.47496796 -150.34538269],[ 107.70232391 -150.37080383]
105,7.103987395141977,6.2241428019977825,47.49087245988496,[  61.44019318 -150.18243408],[  95.6026535  -150.32122803],[ 102.70658112 -150.35037231],[ 108.93067169 -150.37586975]
106,7.105848889179062,6.2209003365434405,47.67468384353308,[  62.48839569 -150.18614197],[  96.83604431 -150.3263092 ],[ 103.9418335  -150.35543823],[ 110.16268158 -150.38093567]
107,7.1076875578161385,6.217696017769394,47.85461865989899,[  63.54405975 -150.19007874],[  98.07300568 -150.33139038],[ 105.18063354 -150.36051941],[ 111.39827728 -150.38601685]
108,7.10944993315627,6.214568054949525,48.03075338481933,[  64.60703278 -150.19418335],[  99.31347656 -150.3364563 ],[ 106.42286682 -150.36558533],[ 112.63738251 -150.39109802]
109,7.111189420512164,6.21146298024701,48.203149050489905,[  65.6771698  -150.19847107],[ 100.55737305 -150.34153748],[ 107.66850281 -150.3706665 ],[ 113.87991333 -150.39619446]
110,7.1128908862648395,6.208395801503667,48.37188970372895,[  66.75431824 -150.2028656 ],[ 101.80462646 -150.34661865],[ 108.91745758 -150.3757782 ],[ 115.12580109 -150.40126038]
111,7.1145541428554475,6.205389470108958,48.5370290627559,[  67.83835602 -150.20733643],[ 103.05514526 -150.35177612],[ 110.16963959 -150.38095093],[ 116.37497711 -150.40634155]
112,7.116171560899809,6.202428853492538,48.698658679726826,[  68.92912292 -150.21185303],[ 104.30888367 -150.35694885],[ 111.42499542 -150.38612366],[ 117.62737274 -150.41140747]
113,7.117750832298142,6.199506695290511,48.85680938472984,[  70.02648926 -150.21644592],[ 105.56574249 -150.36213684],[ 112.68343353 -150.39131165],[ 118.88288879 -150.41656494]
114,7.119307090715827,6.196630561870569,49.01159561757064,[  71.13031006 -150.22103882],[ 106.82566833 -150.36730957],[ 113.94491577 -150.39645386],[ 120.14149475 -150.42173767]
115,7.120825265073327,6.19375430408633,49.16301737815228,[  72.24047089 -150.22561646],[ 108.08860779 -150.37249756],[ 115.20937347 -150.40162659],[ 121.40307617 -150.4269104 ]
116,7.122290096569686,6.190961968964303,49.31121180697106,[  73.35681915 -150.23022461],[ 109.35447693 -150.37767029],[ 116.47670746 -150.40679932],[ 122.6676178  -150.43208313]
117,7.123747236363434,6.188192709058933,49.456209796145046,[  74.47924042 -150.2348175 ],[ 110.62320709 -150.38285828],[ 117.74689484 -150.41197205],[ 123.93503571 -150.43730164]
118,7.125158662566773,6.185469288279357,49.598064501147846,[  75.60761261 -150.23942566],[ 111.89474487 -150.38803101],[ 119.01984406 -150.41714478],[ 125.20526123 -150.4425354 ]
119,7.126539696188907,6.1827993364841465,49.736852527898,[  76.74180603 -150.2440033 ],[ 113.16901398 -150.39320374],[ 120.29549408 -150.42234802],[ 126.47824097 -150.44781494]
120,7.12791335064761,6.180151707839765,49.872626406543,[  77.88169861 -150.24864197],[ 114.44595337 -150.39837646],[ 121.57380676 -150.4276123 ],[ 127.75390625 -150.45301819]
121,7.129233350014237,6.177542163669961,50.00543997990758,[  79.0271759  -150.25331116],[ 115.72553253 -150.40362549],[ 122.85470581 -150.43289185],[ 129.03219604 -150.45822144]
122,7.13051507749745,6.174986400605599,50.13536985395625,[  80.17811584 -150.25801086],[ 117.00767517 -150.40888977],[ 124.13813019 -150.43815613],[ 130.31306458 -150.46350098]
123,7.13181218894344,6.172415128519854,50.2624460457369,[  81.33441162 -150.26275635],[ 118.29232025 -150.41415405],[ 125.42407227 -150.44345093],[ 131.59643555 -150.46875   ]
124,7.133032819115745,6.169927966803012,50.386767986693926,[  82.49593353 -150.26753235],[ 119.57942963 -150.41943359],[ 126.71240234 -150.44871521],[ 132.88227844 -150.47401428]
125,7.134245945270881,6.167456001190621,50.50832811002611,[  83.66259766 -150.27230835],[ 120.86891174 -150.42469788],[ 128.00309753 -150.45399475],[ 134.17050171 -150.47927856]
126,7.135435745471603,6.165014678062249,50.62724085568394,[  84.83427429 -150.27709961],[ 122.16075134 -150.43005371],[ 129.29612732 -150.45925903],[ 135.46109009 -150.48455811]
127,7.1365877743975,6.1626342643969485,50.74356713326015,[  86.01084137 -150.28192139],[ 123.45487213 -150.43534851],[ 130.59140015 -150.46455383],[ 136.75398254 -150.48983765]
128,7.13774017851783,6.1602382172179,50.857283867277154,[  87.19224548 -150.2868042 ],[ 124.75123596 -150.44062805],[ 131.88891602 -150.46992493],[ 138.04910278 -150.49510193]
129,7.138854437044862,6.157903330536718,50.96850593528815,[  88.37835693 -150.29168701],[ 126.04978943 -150.44590759],[ 133.18858337 -150.47529602],[ 139.34643555 -150.50039673]
130,7.1399222296061415,6.155614842775209,51.0772716088143,[  89.56907654 -150.29658508],[ 127.35049438 -150.45127869],[ 134.49035645 -150.48059082],[ 140.6459198  -150.50576782]
131,7.140974951977459,6.1533719444923864,51.183641735073664,[  90.76429749 -150.3014679 ],[ 128.65327454 -150.45664978],[ 135.79418945 -150.4859314 ],[ 141.94750977 -150.51113892]
132,7.142027799572593,6.151098404006212,51.287654398267996,[  91.96390533 -150.30635071],[ 129.95811462 -150.46202087],[ 137.1000824  -150.49130249],[ 143.25112915 -150.51651001]
133,7.143050129848625,6.148901219410938,51.38936306629384,[  93.16786194 -150.31123352],[ 131.26495361 -150.46739197],[ 138.40794373 -150.49667358],[ 144.55679321 -150.52189636]
134,7.144072460127116,6.1467036596826645,51.48879744338667,[  94.37604523 -150.31620789],[ 132.57374573 -150.47276306],[ 139.71775818 -150.50204468],[ 145.8644104  -150.52719116]
135,7.145003300992292,6.144582269564228,51.58620235620601,[  95.58818054 -150.32118225],[ 133.88447571 -150.47813416],[ 141.02941895 -150.50743103],[ 147.1739502 -150.5324707]
136,7.1459493379623975,6.142476387727906,51.68288260773986,[  96.80291748 -150.32617188],[ 135.197052   -150.48350525],[ 142.34294128 -150.51280212],[ 148.48536682 -150.53779602]
137,7.146880116273748,6.140385950938103,51.78152384718508,[  98.01752472 -150.33114624],[ 136.51145935 -150.48887634],[ 143.65827942 -150.51817322],[ 149.7986145  -150.54316711]
138,7.147765118604464,6.138341228036533,51.884139842934395,[  99.22995758 -150.33613586],[ 137.82766724 -150.49424744],[ 144.97537231 -150.52354431],[ 151.11366272 -150.54852295]
139,7.148665067334921,6.136281681936059,51.991143266008415,[ 100.43974304 -150.34109497],[ 139.14561462 -150.49969482],[ 146.29421997 -150.52891541],[ 152.43045044 -150.5539856 ]
140,7.149534624102145,6.134298493375349,52.10239647628883,[ 101.64701843 -150.34599304],[ 140.46525574 -150.50509644],[ 147.61473083 -150.53427124],[ 153.74897766 -150.55944824]
141,7.150343457772751,6.1323607688604,52.21773882031562,[ 102.85188293 -150.35093689],[ 141.78659058 -150.51049805],[ 148.93687439 -150.53970337],[ 155.06918335 -150.56491089]
142,7.151167425509767,6.130392276297387,52.33691871760164,[ 104.05452728 -150.35585022],[ 143.10955811 -150.51596069],[ 150.26066589 -150.54516602],[ 156.39100647 -150.57034302]
143,7.151976509031008,6.128469309661295,52.459425002979216,[ 105.25546265 -150.36071777],[ 144.43411255 -150.52134705],[ 151.58602905 -150.55064392],[ 157.71444702 -150.57572937]
144,7.152754888386124,6.126577048411659,52.584593674554824,[ 106.45529175 -150.36569214],[ 145.76022339 -150.52677917],[ 152.91291809 -150.55612183],[ 159.03944397 -150.5811615 ]
145,7.153532705132079,6.124715866677992,52.71179199816377,[ 107.65464783 -150.37065125],[ 147.08786011 -150.53225708],[ 154.24133301 -150.56150818],[ 160.36599731 -150.5866394 ]
146,7.15426505851336,6.122854372737147,52.840302816736106,[ 108.85415649 -150.37553406],[ 148.41700745 -150.53771973],[ 155.57121277 -150.56695557],[ 161.6940155  -150.59210205]
147,7.155012795299794,6.121008074836548,52.96964510728047,[ 110.05431366 -150.38046265],[ 149.74760437 -150.54318237],[ 156.90255737 -150.57243347],[ 163.02351379 -150.59757996]
148,7.155714756122713,6.119222498537625,53.099330279963,[ 111.25556183 -150.38540649],[ 151.07962036 -150.54862976],[ 158.23527527 -150.57789612],[ 164.35444641 -150.60296631]
149,7.156432288203219,6.1174524313520156,53.22920662361579,[ 112.45803833 -150.39030457],[ 152.4130249  -150.55400085],[ 159.56939697 -150.58335876],[ 165.6867981 -150.6084137]
150,7.157103731879797,6.115712881499224,53.35929640096224,[ 113.66165924 -150.39526367],[ 153.74780273 -150.5594635 ],[ 160.90484619 -150.58883667],[ 167.02050781 -150.61387634]
151,7.157775175578218,6.113973456641475,53.489767707359306,[ 114.8662262  -150.40022278],[ 155.08390808 -150.56491089],[ 162.24162292 -150.59429932],[ 168.35554504 -150.61935425]
152,7.158431297978007,6.1122796827527965,53.620864868920144,[ 116.07149506 -150.40510559],[ 156.42131042 -150.57038879],[ 163.5796814  -150.59977722],[ 169.69190979 -150.62481689]
153,7.159041644397325,6.110631809911337,53.752823894755835,[ 117.27716827 -150.4100647 ],[ 157.75997925 -150.57585144],[ 164.91896057 -150.60523987],[ 171.02954102 -150.6302948 ]
154,7.159651678058078,6.108999133209608,53.88596534182014,[ 118.48292542 -150.41503906],[ 159.09989929 -150.58139038],[ 166.25949097 -150.61070251],[ 172.36843872 -150.63575745]
155,7.1602464539240716,6.107381652597262,54.020465122252915,[ 119.68854523 -150.41993713],[ 160.44104004 -150.58694458],[ 167.60122681 -150.61618042],[ 173.70855713 -150.64122009]
156,7.160826470115086,6.1057793056585945,54.15651359427974,[ 120.89380646 -150.42486572],[ 161.78337097 -150.59242249],[ 168.94413757 -150.6217041 ],[ 175.04986572 -150.646698  ]
157,7.161406674178881,6.1041922800159005,54.29417191755034,[ 122.09861755 -150.42984009],[ 163.12684631 -150.59790039],[ 170.28819275 -150.62727356],[ 176.39233398 -150.65223694]
158,7.161971182061467,6.10262095045329,54.433524389806315,[ 123.30287933 -150.43473816],[ 164.47146606 -150.60340881],[ 171.63337708 -150.63276672],[ 177.73594666 -150.6578064 ]
159,7.162504860517881,6.101110405698225,54.574524547424225,[ 124.50663757 -150.43962097],[ 165.81719971 -150.60897827],[ 172.97964478 -150.63824463],[ 179.08070374 -150.66329956]
160,7.163053985454881,6.09955408503813,54.71702768315678,[ 125.70994568 -150.44450378],[ 167.16401672 -150.61450195],[ 174.32701111 -150.64372253],[ 180.42651367 -150.66879272]
161,7.163603297290855,6.098028219023861,54.860880897676566,[ 126.91298676 -150.44944763],[ 168.5118866  -150.61997986],[ 175.6754303  -150.64920044],[ 181.77340698 -150.67427063]
162,7.164091574478977,6.096578333059698,55.00590884162442,[ 128.11592102 -150.45443726],[ 169.86080933 -150.62553406],[ 177.02484131 -150.65475464],[ 183.12136841 -150.67974854]
163,7.164564593005498,6.095113501622676,55.154591672512154,[ 129.31616211 -150.45941162],[ 171.21072388 -150.63110352],[ 178.37522888 -150.6603241 ],[ 184.47029114 -150.68531799]
164,7.165053306590518,6.093740159589971,55.31699235219421,[ 130.50375366 -150.46429443],[ 172.56159973 -150.63656616],[ 179.72659302 -150.66589355],[ 185.82028198 -150.69087219]
165,7.165541708718999,6.092382201354876,55.491951409982974,[ 131.67977905 -150.46908569],[ 173.91345215 -150.6421051 ],[ 181.07893372 -150.67146301],[ 187.17126465 -150.69645691]
166,7.16604524453208,6.0909019861224,55.67177779311435,[ 132.85180664 -150.47387695],[ 175.26628113 -150.64767456],[ 182.43226624 -150.67703247],[ 188.52311707 -150.70199585]
167,7.166533521684727,6.089513260498681,55.85186357348403,[ 134.02455139 -150.47865295],[ 176.62001038 -150.65324402],[ 183.78648376 -150.68260193],[ 189.87594604 -150.70751953]
168,7.1669455055327065,6.0881553021141315,56.029873988391934,[ 135.20025635 -150.48352051],[ 177.97467041 -150.65879822],[ 185.14155579 -150.68815613],[ 191.22966003 -150.71308899]
169,7.167402890946083,6.086812790258163,56.204878322073135,[ 136.37988281 -150.48838806],[ 179.33018494 -150.66436768],[ 186.49752808 -150.69363403],[ 192.58428955 -150.71862793]
170,7.167830008939531,6.08545470683216,56.3764188147385,[ 137.56382751 -150.49328613],[ 180.68659973 -150.66995239],[ 187.85437012 -150.69918823],[ 193.93977356 -150.72416687]
171,7.16822710814066,6.0841729793506705,56.54435845088725,[ 138.75224304 -150.49816895],[ 182.0438385 -150.6754303],[ 189.21200562 -150.70475769],[ 195.29612732 -150.72973633]
172,7.168639404527179,6.082906510534144,56.70868165937747,[ 139.94511414 -150.50306702],[ 183.40188599 -150.6809082 ],[ 190.57046509 -150.71031189],[ 196.65332031 -150.73529053]
173,7.169051952933616,6.081593952861109,56.86938869016149,[ 141.14237976 -150.50794983],[ 184.76075745 -150.68641663],[ 191.92974854 -150.71595764],[ 198.0112915  -150.74085999]
174,7.169433923440848,6.080342306135841,57.02652519427353,[ 142.34402466 -150.51283264],[ 186.1204071  -150.69197083],[ 193.28977966 -150.72163391],[ 199.37007141 -150.74642944]
175,7.169830774883506,6.079090909297448,57.18018266119479,[ 143.54994202 -150.51771545],[ 187.48083496 -150.69754028],[ 194.65060425 -150.72723389],[ 200.72964478 -150.75198364]
176,7.170196730178293,6.077839636849631,57.33039154572039,[ 144.76004028 -150.52264404],[ 188.84202576 -150.70318604],[ 196.01216125 -150.7328186 ],[ 202.08995056 -150.7575531 ]
177,7.170562560228591,6.076618943835228,57.4778079077278,[ 145.97367859 -150.52761841],[ 190.20393372 -150.70884705],[ 197.37443542 -150.73838806],[ 203.45100403 -150.76312256]
178,7.170913383744815,6.075428768150096,57.624812285889895,[ 147.1884613  -150.53259277],[ 191.56655884 -150.71444702],[ 198.7374115  -150.74395752],[ 204.81278992 -150.76869202]
179,7.1712490114863,6.074223333806274,57.77386132462696,[ 148.40188599 -150.53756714],[ 192.92990112 -150.72003174],[ 200.10108948 -150.74952698],[ 206.17526245 -150.77426147]
180,7.171615282098613,6.073033096001474,57.92602300521323,[ 149.61291504 -150.54255676],[ 194.29391479 -150.72558594],[ 201.46546936 -150.75509644],[ 207.53845215 -150.77981567]
181,7.171950972616058,6.071827661653204,58.081312836359565,[ 150.82145691 -150.54753113],[ 195.65861511 -150.7311554 ],[ 202.83050537 -150.76066589],[ 208.90228271 -150.78538513]
182,7.172332063004878,6.070653118120176,58.23974663918534,[ 152.02755737 -150.55241394],[ 197.02394104 -150.73680115],[ 204.19621277 -150.76622009],[ 210.26681519 -150.79103088]
183,7.172637111114548,6.069539485627026,58.401109917507,[ 153.23136902 -150.55732727],[ 198.3899231  -150.74240112],[ 205.5625     -150.77178955],[ 211.63198853 -150.79666138]
184,7.172927025673282,6.068425540859556,58.56509718532856,[ 154.43318176 -150.56228638],[ 199.75654602 -150.74797058],[ 206.92941284 -150.77735901],[ 212.99778748 -150.80221558]
185,7.173231824389789,6.067235678343628,58.731038124442826,[ 155.63357544 -150.56718445],[ 201.12376404 -150.75361633],[ 208.29693604 -150.78291321],[ 214.36412048 -150.80784607]
186,7.173521738964062,6.066136992112324,58.89847428730482,[ 156.83314514 -150.57206726],[ 202.49157715 -150.75921631],[ 209.66503906 -150.78851318],[ 215.73112488 -150.81343079]
187,7.173842545333736,6.065022922014438,59.0666426157942,[ 158.03257751 -150.57704163],[ 203.85997009 -150.76478577],[ 211.03375244 -150.79417419],[ 217.09872437 -150.81904602]
188,7.1741328355180505,6.063924110857719,59.234994298306056,[ 159.23239136 -150.58195496],[ 205.22894287 -150.77035522],[ 212.40301514 -150.79983521],[ 218.46688843 -150.82466125]
189,7.174377036797466,6.062886272281791,59.40302567399596,[ 160.43309021 -150.58683777],[ 206.59846497 -150.77601624],[ 213.77278137 -150.80551147],[ 219.83561707 -150.83027649]
190,7.174590532644095,6.061863817345714,59.570461461719326,[ 161.63493347 -150.59182739],[ 207.96855164 -150.78167725],[ 215.14308167 -150.81114197],[ 221.20489502 -150.83587646]
191,7.174849929870721,6.060826477723037,59.7372567608057,[ 162.83796692 -150.59675598],[ 209.3391571 -150.7872467],[ 216.51394653 -150.81671143],[ 222.57472229 -150.84150696]
192,7.175063425859385,6.059804147412881,59.903502685582346,[ 164.04206848 -150.60165405],[ 210.71031189 -150.79286194],[ 217.88531494 -150.82229614],[ 223.94506836 -150.84709167]
193,7.175276921985409,6.058796764015464,60.069473579410165,[ 165.2469635  -150.60662842],[ 212.08197021 -150.79853821],[ 219.25718689 -150.82794189],[ 225.31593323 -150.85266113]
194,7.1755363192215045,6.057820209644505,60.23539900980013,[ 166.4524231  -150.61158752],[ 213.45407104 -150.8041687 ],[ 220.62954712 -150.83357239],[ 226.68731689 -150.85829163]
195,7.175795653949256,6.056843967128123,60.401538436471604,[ 167.65815735 -150.61647034],[ 214.82666016 -150.80975342],[ 222.00239563 -150.83914185],[ 228.05918884 -150.86393738]
196,7.176039855033197,6.055897930135012,60.56807440084797,[ 168.86399841 -150.62141418],[ 216.19973755 -150.81539917],[ 223.37571716 -150.84480286],[ 229.43156433 -150.86959839]
197,7.176238217625845,6.05498241046662,60.73537317323336,[ 170.06954956 -150.62638855],[ 217.57330322 -150.82106018],[ 224.7494812  -150.85046387],[ 230.80441284 -150.8752594 ]
198,7.17646747323778,6.054036061481805,60.90357220661548,[ 171.27462769 -150.63128662],[ 218.94729614 -150.82662964],[ 226.123703   -150.85612488],[ 232.1776886  -150.88084412]
199,7.17666608692698,6.05312035500625,61.072778436674184,[ 172.47915649 -150.63619995],[ 220.32174683 -150.83224487],[ 227.49835205 -150.86180115],[ 233.55142212 -150.88647461]
200,7.176940366349886,6.052159433217616,61.24294583731735,[ 173.6831665  -150.64117432],[ 221.6966095  -150.83790588],[ 228.87348938 -150.86737061],[ 234.92559814 -150.89213562]
201,7.177153799814528,6.051244101054989,61.41401356148493,[ 174.88671875 -150.64613342],[ 223.07192993 -150.84356689],[ 230.24902344 -150.87298584],[ 236.30021667 -150.89779663]
202,7.177397813367081,6.050313072765359,61.58581370137808,[ 176.0899353  -150.65101624],[ 224.44763184 -150.84924316],[ 231.62496948 -150.87863159],[ 237.67523193 -150.90338135]
203,7.177596175962087,6.0494126246340425,61.75827015128723,[ 177.29290771 -150.65589905],[ 225.82376099 -150.85491943],[ 233.001297   -150.88430786],[ 239.05065918 -150.90901184]
204,7.177794288917179,6.048527934337252,61.931214940919986,[ 178.49580383 -150.66078186],[ 227.20028687 -150.86054993],[ 234.37802124 -150.88987732],[ 240.42649841 -150.91465759]
205,7.177947062711531,6.047658441060493,62.10452568823493,[ 179.69873047 -150.66575623],[ 228.57723999 -150.86611938],[ 235.75512695 -150.89549255],[ 241.80273438 -150.92033386]
206,7.178160746425297,6.046773125813169,62.27808013639327,[ 180.90179443 -150.67074585],[ 229.95452881 -150.87176514],[ 237.13262939 -150.90115356],[ 243.17935181 -150.92591858]
207,7.178328716703612,6.045887936136414,62.451772475292415,[ 182.10507202 -150.67564392],[ 231.33221436 -150.87741089],[ 238.51048279 -150.90682983],[ 244.55632019 -150.93154907]
208,7.178496374518793,6.045033575961032,62.62557149977238,[ 183.30862427 -150.68060303],[ 232.71025085 -150.88308716],[ 239.88868713 -150.91246033],[ 245.93367004 -150.93721008]
209,7.178648961132046,6.044163832275244,62.79947727236273,[ 184.5124054  -150.68557739],[ 234.08865356 -150.88874817],[ 241.26724243 -150.91812134],[ 247.31135559 -150.94287109]
210,7.178786476531402,6.0433552482936825,62.973597041343446,[ 185.71633911 -150.69046021],[ 235.46737671 -150.89433289],[ 242.64610291 -150.92375183],[ 248.68940735 -150.9485321 ]
211,7.178969893515624,6.042515834396597,63.14789941405944,[ 186.92044067 -150.69540405],[ 236.84643555 -150.89990234],[ 244.02534485 -150.92939758],[ 250.06781006 -150.95413208]
212,7.179122668335369,6.041676545580373,63.32244605042026,[ 188.12460327 -150.70036316],[ 238.22583008 -150.90551758],[ 245.40489197 -150.93505859],[ 251.44651794 -150.95977783]
213,7.179244863252429,6.040852515448762,63.49726771778247,[ 189.32881165 -150.70524597],[ 239.6055603  -150.91116333],[ 246.78474426 -150.94073486],[ 252.82554626 -150.96543884]
214,7.179397073331828,6.040044181539391,63.67250118144438,[ 190.53294373 -150.71017456],[ 240.98558044 -150.91682434],[ 248.16491699 -150.94630432],[ 254.20491028 -150.97109985]
215,7.179534338637569,6.039220276542104,63.84807014806882,[ 191.73704529 -150.71514893],[ 242.36593628 -150.92248535],[ 249.54541016 -150.95195007],[ 255.58457947 -150.97676086]
216,7.179702183903787,6.038426826207723,64.02405122359121,[ 192.9410553  -150.72009277],[ 243.74655151 -150.92814636],[ 250.92619324 -150.95761108],[ 256.96456909 -150.98242188]
217,7.179839261631453,6.037633501359851,64.20042927440569,[ 194.1449585  -150.72499084],[ 245.12748718 -150.93385315],[ 252.30726624 -150.96325684],[ 258.34484863 -150.98809814]
218,7.179992035853003,6.0368394875047775,64.3772034251657,[ 195.34873962 -150.72994995],[ 246.50868225 -150.93952942],[ 253.68861389 -150.96897888],[ 259.72540283 -150.99368286]
219,7.1801144812288005,6.036045538750122,64.55431370411698,[ 196.55245972 -150.73486328],[ 247.8901825  -150.94520569],[ 255.07023621 -150.9747467 ],[ 261.10623169 -150.99932861]
220,7.180267130621835,6.03526722273988,64.73174428993067,[ 197.75616455 -150.73980713],[ 249.27194214 -150.9508667 ],[ 256.45214844 -150.98042297],[ 262.48736572 -151.00497437]
221,7.18037394124037,6.034534806925891,64.90952576246025,[ 198.95979309 -150.74478149],[ 250.65397644 -150.95652771],[ 257.83428955 -150.98608398],[ 263.86877441 -151.01063538]
222,7.180480814683329,6.0338023911133725,65.08759739955156,[ 200.16340637 -150.74971008],[ 252.0362854  -150.96218872],[ 259.21670532 -150.99176025],[ 265.25045776 -151.01631165]
223,7.180633024827982,6.033039768936718,65.26585226559715,[ 201.36708069 -150.7545929 ],[ 253.41882324 -150.96786499],[ 260.59939575 -150.99734497],[ 266.63238525 -151.02197266]
224,7.180800807466116,6.03227689815679,65.4443052442075,[ 202.57080078 -150.75953674],[ 254.80158997 -150.973526  ],[ 261.98233032 -151.00299072],[ 268.01455688 -151.02763367]
225,7.180907555496684,6.031544544755934,65.62301749505525,[ 203.77450562 -150.76451111],[ 256.18463135 -150.97918701],[ 263.36547852 -151.00863647],[ 269.39697266 -151.03329468]
226,7.18099910746116,6.030812129002346,65.80197425949976,[ 204.97821045 -150.76939392],[ 257.56793213 -150.98484802],[ 264.74887085 -151.01429749],[ 270.77963257 -151.03895569]
227,7.181090659425656,6.030140810311114,65.98105296823238,[ 206.18206787 -150.77432251],[ 258.95144653 -150.99050903],[ 266.13247681 -151.0199585 ],[ 272.16256714 -151.04463196]
228,7.1812124162428175,6.029408644644105,66.16026900491698,[ 207.38597107 -150.77929688],[ 260.33517456 -150.99624634],[ 267.5163269  -151.02561951],[ 273.54568481 -151.050354  ]
229,7.181334111647823,6.028676228932821,66.33969841281503,[ 208.58987427 -150.78427124],[ 261.71911621 -151.0019989 ],[ 268.90039062 -151.03128052],[ 274.92901611 -151.05601501]
230,7.181456243177868,6.027974267952397,66.51937233434346,[ 209.79377747 -150.78916931],[ 263.10327148 -151.00767517],[ 270.28466797 -151.03697205],[ 276.31259155 -151.06169128]
231,7.181547857414328,6.02727224447552,66.69922935983014,[ 210.99771118 -150.79405212],[ 264.4876709  -151.01335144],[ 271.66915894 -151.04266357],[ 277.69638062 -151.06735229]
232,7.181639409386104,6.026570408597001,66.87931495263928,[ 212.20162964 -150.79902649],[ 265.87228394 -151.01901245],[ 273.05386353 -151.04832458],[ 279.0803833  -151.07302856]
233,7.181730899095577,6.025899027519643,67.05961441677526,[ 213.4055481  -150.80392456],[ 267.25708008 -151.02468872],[ 274.43875122 -151.0539856 ],[ 280.46459961 -151.07868958]
234,7.181822575623662,6.025227583900445,67.24020360791745,[ 214.60939026 -150.80886841],[ 268.64208984 -151.03033447],[ 275.82385254 -151.05966187],[ 281.84902954 -151.08435059]
235,7.181945019356508,6.024494918358558,67.42097584049155,[ 215.8132019  -150.81382751],[ 270.02728271 -151.03596497],[ 277.20916748 -151.06538391],[ 283.23361206 -151.0900116 ]
236,7.182036571322802,6.023823537250274,67.6020688174997,[ 217.01690674 -150.81871033],[ 271.41265869 -151.04162598],[ 278.59463501 -151.07104492],[ 284.6184082  -151.09567261]
237,7.182097605967008,6.02318267346626,67.78332938973546,[ 218.22062683 -150.82365417],[ 272.79821777 -151.04728699],[ 279.98025513 -151.07670593],[ 286.00338745 -151.10133362]
238,7.182219675255446,6.022480775037457,67.96478826207318,[ 219.42433167 -150.82861328],[ 274.18395996 -151.052948  ],[ 281.36611938 -151.08236694],[ 287.3885498  -151.10699463]
239,7.182280709899678,6.021839911255832,68.14643048835674,[ 220.6280365  -150.83351135],[ 275.56988525 -151.05860901],[ 282.75210571 -151.08802795],[ 288.77389526 -151.11265564]
240,7.182342057449907,6.021168655052334,68.32824087249827,[ 221.83175659 -150.83843994],[ 276.95602417 -151.06427002],[ 284.13830566 -151.09376526],[ 290.15942383 -151.11842346]
241,7.182403154769412,6.020558433675691,68.51024911910505,[ 223.03546143 -150.84342957],[ 278.34228516 -151.06993103],[ 285.52462769 -151.09944153],[ 291.5451355  -151.12413025]
242,7.182494706731016,6.019917569924102,68.69242539854591,[ 224.239151   -150.84832764],[ 279.72869873 -151.07559204],[ 286.91113281 -151.10510254],[ 292.93099976 -151.12979126]
243,7.18258594563521,6.019246251457486,68.87466283769267,[ 225.44293213 -150.85321045],[ 281.11529541 -151.08132935],[ 288.29782104 -151.11076355],[ 294.3170166  -151.13546753]
244,7.182677372606372,6.018605387714913,69.05705255080895,[ 226.64671326 -150.8581543 ],[ 282.50201416 -151.08702087],[ 289.68463135 -151.11642456],[ 295.70318604 -151.14112854]
245,7.182738782620403,6.017964148842332,69.23956439574698,[ 227.8505249  -150.86308289],[ 283.88891602 -151.09268188],[ 291.07159424 -151.12217712],[ 297.08950806 -151.14678955]
246,7.182799692010388,6.0173537399921715,69.42224389841796,[ 229.05435181 -150.86805725],[ 285.27597046 -151.09838867],[ 292.45870972 -151.12785339],[ 298.47601318 -151.15245056]
247,7.182890806620286,6.0167128762063875,69.6050608540904,[ 230.25816345 -150.8730011 ],[ 286.66314697 -151.10415649],[ 293.84597778 -151.1335144 ],[ 299.86264038 -151.15811157]
248,7.182951778917753,6.016102842160569,69.78801570031476,[ 231.46199036 -150.87788391],[ 288.05047607 -151.10983276],[ 295.23336792 -151.13917542],[ 301.24942017 -151.16384888]
249,7.183012813564741,6.015462103660852,69.97113795421532,[ 232.665802   -150.88284302],[ 289.43798828 -151.11550903],[ 296.62094116 -151.14485168],[ 302.63635254 -151.16955566]
250,7.183074160275489,6.0148818992431385,70.1544278658312,[ 233.86959839 -150.88780212],[ 290.82559204 -151.1211853 ],[ 298.00860596 -151.15060425],[ 304.0234375  -151.17521667]
251,7.183135257429302,6.0142714903662355,70.33782477563184,[ 235.07341003 -150.89271545],[ 292.21334839 -151.12684631],[ 299.39642334 -151.15628052],[ 305.41064453 -151.18087769]
252,7.183196292073133,6.013630626585941,70.52131342494908,[ 236.27722168 -150.89759827],[ 293.60122681 -151.13252258],[ 300.78436279 -151.16195679],[ 306.79794312 -151.18655396]
253,7.183226809395053,6.013081564755924,70.70501557048955,[ 237.48103333 -150.90255737],[ 294.98925781 -151.13818359],[ 302.17242432 -151.1676178 ],[ 308.18545532 -151.192276  ]
254,7.183318361360823,6.012471343561283,70.88883953524133,[ 238.68478394 -150.907547  ],[ 296.37734985 -151.1438446 ],[ 303.56060791 -151.17327881],[ 309.57302856 -151.19796753]
255,7.183349129037271,6.011860746803653,71.07283159533486,[ 239.88848877 -150.91244507],[ 297.765625   -151.14950562],[ 304.94891357 -151.17900085],[ 310.96072388 -151.20362854]
256,7.183379709027531,6.011311372512781,71.25699156321879,[ 241.09220886 -150.91732788],[ 299.15402222 -151.15516663],[ 306.33734131 -151.18467712],[ 312.34860229 -151.20928955]
257,7.183471386423769,6.010700963604869,71.44122757434181,[ 242.2959137  -150.92230225],[ 300.54248047 -151.1608429 ],[ 307.72589111 -151.19038391],[ 313.73654175 -151.21498108]
258,7.183471073080794,6.010151776772405,71.62558584229888,[ 243.49964905 -150.92724609],[ 301.93112183 -151.16659546],[ 309.11453247 -151.19606018],[ 315.12463379 -151.22068787]
259,7.183562499936306,6.009571822670629,71.80997469009547,[ 244.70344543 -150.93214417],[ 303.3197937  -151.17233276],[ 310.5032959  -151.20176697],[ 316.51281738 -151.22636414]
260,7.183532358331038,6.008991744012684,71.99443970616439,[ 245.90725708 -150.93710327],[ 304.7086792  -151.17800903],[ 311.89215088 -151.20753479],[ 317.90109253 -151.23207092]
261,7.183623910292085,6.0084424321861984,72.17905730884422,[ 247.11106873 -150.94203186],[ 306.0975647 -151.1836853],[ 313.28112793 -151.21321106],[ 319.28952026 -151.23774719]
262,7.183654553108488,6.007832023415418,72.36373594616914,[ 248.31488037 -150.94694519],[ 307.4866333  -151.18933105],[ 314.67022705 -151.21888733],[ 320.67800903 -151.2434082 ]
263,7.1836846317611895,6.007313478354516,72.54856717010533,[ 249.51869202 -150.95191956],[ 308.87576294 -151.19509888],[ 316.05938721 -151.22454834],[ 322.06665039 -151.24913025]
264,7.183714961569637,6.0067031943672,72.73344417002585,[ 250.7224884  -150.95684814],[ 310.26501465 -151.20080566],[ 317.44866943 -151.23020935],[ 323.45532227 -151.25480652]
265,7.183775933775551,6.00618446239805,72.91848920275343,[ 251.92630005 -150.96173096],[ 311.65432739 -151.20648193],[ 318.83804321 -151.23587036],[ 324.84417725 -151.26048279]
266,7.183806763616393,6.005574178514637,73.10356481534525,[ 253.13011169 -150.9666748 ],[ 313.04379272 -151.21214294],[ 320.22753906 -151.24160767],[ 326.23306274 -151.26623535]
267,7.183867986157431,6.005055071640188,73.29147822626724,[ 254.33123779 -150.97161865],[ 314.43328857 -151.21784973],[ 321.61709595 -151.24736023],[ 327.62210083 -151.27191162]
268,7.183868048854975,6.004474868855064,73.49239220392813,[ 255.51939392 -150.97650146],[ 315.82293701 -151.22358704],[ 323.00674438 -151.25311279],[ 329.01116943 -151.27757263]
269,7.183959663545248,6.003803425561744,73.7050862429699,[ 256.69577026 -150.98129272],[ 317.21258545 -151.22924805],[ 324.39648438 -151.25878906],[ 330.40023804 -151.28323364]
270,7.183959663545248,6.003315397195342,73.92228189958162,[ 257.8678894  -150.98608398],[ 318.60238647 -151.23492432],[ 325.7862854  -151.26446533],[ 331.78955078 -151.28897095]
271,7.184020447465442,6.002857761997836,74.13892811938297,[ 259.04071045 -150.99085999],[ 319.99224854 -151.24064636],[ 327.1762085  -151.27012634],[ 333.17901611 -151.29466248]
272,7.184111874265024,6.002277932857566,74.35273566557703,[ 260.21636963 -150.9957428 ],[ 321.38220215 -151.24633789],[ 328.56625366 -151.27578735],[ 334.56848145 -151.30032349]
273,7.184081356943307,6.00169847870226,74.56260685232827,[ 261.39593506 -151.00062561],[ 322.77224731 -151.2519989 ],[ 329.95626831 -151.28144836],[ 335.95791626 -151.30607605]
274,7.184142141648773,6.001057614957815,74.76820548897555,[ 262.57980347 -151.00547791],[ 324.16229248 -151.25775146],[ 331.34637451 -151.28713989],[ 337.34738159 -151.31176758]
275,7.184142391586742,6.000660514734393,74.96971461694996,[ 263.76812744 -151.01034546],[ 325.55252075 -151.26344299],[ 332.73660278 -151.29289246],[ 338.73721313 -151.31742859]
276,7.184142454152255,6.000263727159013,75.16676815340695,[ 264.9609375  -151.01524353],[ 326.94277954 -151.26911926],[ 334.12686157 -151.29858398],[ 340.1270752  -151.32310486]
277,7.184356137998547,5.999653692995796,75.3593665358511,[ 266.15817261 -151.02012634],[ 328.33300781 -151.27478027],[ 335.51730347 -151.30426025],[ 341.51690674 -151.32885742]
278,7.181853717667207,6.001728996023453,75.54760069125032,[ 267.35977173 -151.02500916],[ 329.7232666  -151.28044128],[ 336.90505981 -151.30992126],[ 342.90673828 -151.33454895]
279,7.169951899912339,6.0128678809497975,75.73162333119264,[ 268.56561279 -151.02989197],[ 331.1138916  -151.28610229],[ 338.28378296 -151.31556702],[ 344.29660034 -151.34020996]
280,7.156585000064909,6.0257156736693895,75.91167865676847,[ 269.77566528 -151.0348053 ],[ 332.5045166  -151.29185486],[ 339.66104126 -151.32124329],[ 345.68670654 -151.34588623]
281,7.143126485719125,6.038777524934594,76.0883466847102,[ 270.98922729 -151.03977966],[ 333.8951416  -151.29760742],[ 341.03820801 -151.3269043 ],[ 347.07693481 -151.35165405]
282,7.129790416456379,6.051747324554954,76.26385461665949,[ 272.20397949 -151.04475403],[ 335.2857666  -151.30328369],[ 342.41549683 -151.33258057],[ 348.4671936  -151.35731506]
283,7.116698297873515,6.064442780485099,76.4405833040288,[ 273.41748047 -151.04972839],[ 336.6763916 -151.3089447],[ 343.79302979 -151.3381958 ],[ 349.85742188 -151.36299133]
284,7.103880334377581,6.076772341108378,76.6197535022149,[ 274.62854004 -151.05471802],[ 338.06710815 -151.31469727],[ 345.17092896 -151.34378052],[ 351.24765015 -151.36871338]
285,7.09106255956655,6.088796604197839,76.80139554094458,[ 275.83712769 -151.05969238],[ 339.45812988 -151.32040405],[ 346.5491333  -151.34936523],[ 352.63787842 -151.37440491]
286,7.078672526366149,6.1006679045469685,76.9857230414987,[ 277.04327393 -151.06466675],[ 340.84912109 -151.32606506],[ 347.92773438 -151.35502625],[ 354.02835083 -151.38008118]
287,7.066557086905863,6.112386931871531,77.17249224041198,[ 278.24713135 -151.06964111],[ 342.24014282 -151.33174133],[ 349.30664062 -151.36068726],[ 355.41897583 -151.38583374]
288,7.0547468208277575,6.123800472358568,77.3612144854146,[ 279.44903564 -151.07453918],[ 343.63116455 -151.33740234],[ 350.68585205 -151.36633301],[ 356.80960083 -151.39149475]
289,7.04324141531017,6.134908839797567,77.55140168690781,[ 280.6494751 -151.079422 ],[ 345.02218628 -151.34315491],[ 352.06536865 -151.37199402],[ 358.20022583 -151.39717102]
290,7.032102592818041,6.145650687254954,77.74241279357612,[ 281.84909058 -151.08430481],[ 346.41320801 -151.34887695],[ 353.44525146 -151.37771606],[ 359.59085083 -151.40283203]
291,7.021207846530331,6.156057156911295,77.93363727145255,[ 283.04849243 -151.08926392],[ 347.80432129 -151.35455322],[ 354.82546997 -151.38337708],[ 360.98147583 -151.4085083 ]
292,7.0102520657254175,6.166219363714764,78.12443456936903,[ 284.24832153 -151.0941925 ],[ 349.19573975 -151.36024475],[ 356.20593262 -151.38905334],[ 362.37210083 -151.41416931]
293,6.9996012074398495,6.176351239917523,78.31462189584626,[ 285.44900513 -151.09907532],[ 350.58712769 -151.36599731],[ 357.58666992 -151.39472961],[ 363.76296997 -151.4198761 ]
294,6.989224942655585,6.186300385465296,78.5037713833676,[ 286.65084839 -151.10406494],[ 351.97854614 -151.37171936],[ 358.9677124  -151.40036011],[ 365.15396118 -151.42562866]
295,6.979184306364696,6.195944671984,78.69176152519223,[ 287.85388184 -151.10899353],[ 353.3699646  -151.37739563],[ 360.34909058 -151.40592957],[ 366.54498291 -151.43139648]
296,6.969388183319157,6.20537496336454,78.87868368587748,[ 289.0579834  -151.11387634],[ 354.76135254 -151.38305664],[ 361.73068237 -151.41157532],[ 367.93600464 -151.43714905]
297,6.959866591347066,6.214499767507765,79.06484216319122,[ 290.2628479  -151.11886597],[ 356.152771   -151.38874817],[ 363.11257935 -151.41722107],[ 369.32702637 -151.44282532]
298,6.950649985542686,6.223349790154981,79.25039029413686,[ 291.46832275 -151.12384033],[ 357.54415894 -151.39450073],[ 364.49475098 -151.42288208],[ 370.7180481  -151.44848633]
299,6.941585966780012,6.231955737160766,79.4355417624569,[ 292.67416382 -151.1288147 ],[ 358.93560791 -151.4002533 ],[ 365.87713623 -151.42854309],[ 372.10903931 -151.4541626 ]
300,6.932430396470017,6.240317545666384,79.62072393560834,[ 293.88000488 -151.13375854],[ 360.3274231  -151.40602112],[ 367.25979614 -151.43421936],[ 373.50006104 -151.45985413]
301,6.923611200593846,6.248465607782882,79.80636430610721,[ 295.08547974 -151.13865662],[ 361.71920776 -151.41171265],[ 368.64276123 -151.43998718],[ 374.89117432 -151.46560669]
302,6.914944343176769,6.25673586452935,79.99270626250906,[ 296.29052734 -151.14356995],[ 363.11099243 -151.41737366],[ 370.02587891 -151.44566345],[ 376.28256226 -151.47129822]
303,6.9065520795100195,6.2647313405547775,80.17956663833569,[ 297.49508667 -151.14854431],[ 364.50280762 -151.42304993],[ 371.40930176 -151.45133972],[ 377.67398071 -151.47695923]
304,6.8983734372648575,6.272513507574168,80.36697695103008,[ 298.69906616 -151.15342712],[ 365.89459229 -151.42871094],[ 372.79290771 -151.45700073],[ 379.06536865 -151.48268127]
305,6.890408479093666,6.28008211604003,80.55481463135379,[ 299.90264893 -151.15830994],[ 367.28640747 -151.43437195],[ 374.17675781 -151.462677  ],[ 380.45678711 -151.48843384]
306,6.882718051631503,6.287406648980085,80.74301814440747,[ 301.10586548 -151.1632843 ],[ 368.67819214 -151.44004822],[ 375.56085205 -151.46833801],[ 381.84820557 -151.4941864 ]
307,6.875179897468902,6.294547701981975,80.93140457380093,[ 302.30886841 -151.16821289],[ 370.06997681 -151.44580078],[ 376.94509888 -151.47399902],[ 383.23959351 -151.49984741]
308,6.867916399744082,6.301414161838017,81.11991326007082,[ 303.51177979 -151.17311096],[ 371.46179199 -151.45155334],[ 378.32965088 -151.47966003],[ 384.63101196 -151.50552368]
309,6.860775283831847,6.308158489855312,81.30836072412468,[ 304.71472168 -151.17803955],[ 372.85357666 -151.45722961],[ 379.71429443 -151.48532104],[ 386.0223999  -151.51118469]
310,6.853512223746477,6.3146589923630145,81.49668624394073,[ 305.91781616 -151.18302917],[ 374.24575806 -151.46289062],[ 381.09921265 -151.49099731],[ 387.41381836 -151.51693726]
311,6.846340465483956,6.321037488802394,81.6848290349779,[ 307.12109375 -151.18792725],[ 375.63796997 -151.46859741],[ 382.48425293 -151.49665833],[ 388.80523682 -151.52268982]
312,6.839473693130464,6.327477083566586,81.87303298584825,[ 308.324646   -151.19281006],[ 377.03015137 -151.47434998],[ 383.86956787 -151.50231934],[ 390.19699097 -151.52845764]
313,6.832729239960937,6.333824748698882,82.06108366210056,[ 309.52838135 -151.19776917],[ 378.42233276 -151.4800415 ],[ 385.25500488 -151.50798035],[ 391.58877563 -151.53413391]
314,6.826229050213342,6.339958792622945,82.24895123445692,[ 310.73233032 -151.20272827],[ 379.81451416 -151.48570251],[ 386.64068604 -151.51364136],[ 392.98059082 -151.53981018]
315,6.819851305535621,6.3459398101534195,82.4366359530409,[ 311.93643188 -151.20761108],[ 381.20669556 -151.49136353],[ 388.02648926 -151.51939392],[ 394.37237549 -151.54547119]
316,6.813686744115717,6.351676816152774,82.62419828968032,[ 313.14065552 -151.21257019],[ 382.59890747 -151.49710083],[ 389.41253662 -151.52511597],[ 395.76416016 -151.5511322 ]
317,6.807643876049423,6.35735310057314,82.81173017156524,[ 314.34494019 -151.2175293 ],[ 383.99108887 -151.50286865],[ 390.79867554 -151.53077698],[ 397.15597534 -151.55680847]
318,6.8018150050599235,6.362785059198202,82.99938418527715,[ 315.54907227 -151.22244263],[ 385.38327026 -151.50856018],[ 392.18502808 -151.53645325],[ 398.54776001 -151.56245422]
319,6.796169238009618,6.368064993179279,83.18709973375292,[ 316.75317383 -151.22735596],[ 386.77545166 -151.51423645],[ 393.57156372 -151.54211426],[ 399.9395752  -151.56822205]
320,6.790614772773349,6.373222796274665,83.37490658414507,[ 317.95715332 -151.23231506],[ 388.16763306 -151.51997375],[ 394.95819092 -151.54777527],[ 401.33135986 -151.57397461]
321,6.7852738668913215,6.378136084869268,83.56277415655835,[ 319.16107178 -151.23725891],[ 389.55984497 -151.52572632],[ 396.34506226 -151.55343628],[ 402.72314453 -151.57963562]
322,6.780024638082846,6.3830187310190825,83.75079462819582,[ 320.36486816 -151.24214172],[ 390.95202637 -151.53149414],[ 397.73199463 -151.55914307],[ 404.11495972 -151.58531189]
323,6.774684230970688,6.387657426468937,83.93887600943444,[ 321.568573   -151.24710083],[ 392.34451294 -151.53717041],[ 399.11914062 -151.56484985],[ 405.50674438 -151.59103394]
324,6.769404671681005,6.392174115192598,84.1269878454768,[ 322.77227783 -151.25204468],[ 393.73709106 -151.54284668],[ 400.50643921 -151.57051086],[ 406.89855957 -151.59672546]
325,6.764155942007113,6.396782043333968,84.31528291048956,[ 323.97592163 -151.25694275],[ 395.12966919 -151.54850769],[ 401.89376831 -151.57623291],[ 408.29049683 -151.60240173]
326,6.759181618589631,6.401360079312543,84.50385281897215,[ 325.17953491 -151.2618866 ],[ 396.52224731 -151.5541687 ],[ 403.28137207 -151.58189392],[ 409.68267822 -151.60816956]
327,6.754298847196792,6.405846188138269,84.69233067530976,[ 326.38323975 -151.26687622],[ 397.91482544 -151.55984497],[ 404.66906738 -151.58757019],[ 411.07485962 -151.61386108]
328,6.7494774243330005,6.4103015294631085,84.88086987889744,[ 327.58691406 -151.27177429],[ 399.30740356 -151.56549072],[ 406.05682373 -151.59329224],[ 412.46707153 -151.61953735]
329,6.744868932407856,6.414512919970265,85.06922597855363,[ 328.79074097 -151.2766571 ],[ 400.69998169 -151.57124329],[ 407.4447937  -151.59895325],[ 413.85925293 -151.62519836]
330,6.7403825730918046,6.4186025536445115,85.25752104356637,[ 329.99462891 -151.28163147],[ 402.09255981 -151.57699585],[ 408.83288574 -151.60462952],[ 415.25143433 -151.63095093]
331,6.735926981573535,6.4226611075838544,85.44578559125767,[ 331.19854736 -151.2865448 ],[ 403.48513794 -151.58276367],[ 410.2210083  -151.61038208],[ 416.64361572 -151.63664246]
332,6.731654243987971,6.426536745295844,85.63404982637769,[ 332.40246582 -151.29150391],[ 404.87771606 -151.58851624],[ 411.60931396 -151.61605835],[ 418.03579712 -151.64230347]
333,6.727564860316758,6.430260295636225,85.82237572128581,[ 333.60635376 -151.29641724],[ 406.27029419 -151.5941925 ],[ 412.99780273 -151.62171936],[ 419.42800903 -151.64807129]
334,6.723475601589129,6.433953016664119,86.01064020645653,[ 334.81027222 -151.30136108],[ 407.66287231 -151.59985352],[ 414.3862915  -151.62739563],[ 420.82019043 -151.65377808]
335,6.7195693218576125,6.43746263380123,86.19893520895006,[ 336.01416016 -151.30627441],[ 409.05545044 -151.60551453],[ 415.77496338 -151.63304138],[ 422.21237183 -151.65945435]
336,6.715815753822199,6.440819351592876,86.38719956909219,[ 337.21807861 -151.31123352],[ 410.44802856 -151.61123657],[ 417.16378784 -151.63877869],[ 423.60455322 -151.66514587]
337,6.712092452937308,6.444145927212691,86.57546442938254,[ 338.42199707 -151.31614685],[ 411.84060669 -151.61700439],[ 418.55264282 -151.64450073],[ 424.99673462 -151.6709137 ]
338,6.708460517001536,6.447411405749901,86.76378988667022,[ 339.62588501 -151.3210907 ],[ 413.23318481 -151.62275696],[ 419.94158936 -151.65016174],[ 426.38894653 -151.67660522]
339,6.704950900152841,6.45052423512055,86.9520543093206,[ 340.82980347 -151.32601929],[ 414.62576294 -151.62844849],[ 421.33065796 -151.65582275],[ 427.78112793 -151.68228149]
340,6.701624886466849,6.453453523275183,87.14034924929945,[ 342.03369141 -151.33094788],[ 416.01834106 -151.63412476],[ 422.71990967 -151.66159058],[ 429.17330933 -151.68795776]
341,6.6982985609864665,6.456383498360231,87.32861385950594,[ 343.23760986 -151.33590698],[ 417.41091919 -151.63978577],[ 424.10916138 -151.66726685],[ 430.56549072 -151.69371033]
342,6.694697517090985,6.459221734339929,87.51687859476786,[ 344.44152832 -151.34078979],[ 418.80386353 -151.64546204],[ 425.49850464 -151.67294312],[ 431.95767212 -151.69941711]
343,6.691188087876441,6.461968293311222,87.70520417710686,[ 345.64541626 -151.34567261],[ 420.19683838 -151.65110779],[ 426.88796997 -151.67860413],[ 433.34988403 -151.70507812]
344,6.68783093197937,6.464562265690991,87.89346859974813,[ 346.84933472 -151.3506012 ],[ 421.58978271 -151.65684509],[ 428.27755737 -151.6842804 ],[ 434.74206543 -151.71075439]
345,6.684504543967315,6.467400064812004,88.0820685879022,[ 348.05322266 -151.35557556],[ 422.98275757 -151.66261292],[ 429.66720581 -151.69004822],[ 436.134552   -151.71644592]
346,6.6811778431285695,6.470330039633244,88.2707300483371,[ 349.25714111 -151.36050415],[ 424.37573242 -151.66836548],[ 431.05685425 -151.69572449],[ 437.52713013 -151.72219849]
347,6.678065076270555,6.473046268742573,88.4593913212156,[ 350.46105957 -151.365448  ],[ 425.76870728 -151.67404175],[ 432.44671631 -151.70140076],[ 438.91970825 -151.72792053]
348,6.675013344080456,6.475701338273019,88.64808273631056,[ 351.66494751 -151.37043762],[ 427.16168213 -151.67970276],[ 433.8366394  -151.70706177],[ 440.31228638 -151.7335968 ]
349,6.672113948526037,6.478234463663743,88.83674419672805,[ 352.86886597 -151.37533569],[ 428.55462646 -151.68544006],[ 435.22668457 -151.71273804],[ 441.7048645  -151.73931885]
350,6.669154080955101,6.480797793560989,89.02543623702526,[ 354.07275391 -151.38021851],[ 429.94760132 -151.69111633],[ 436.61669922 -151.7184906 ],[ 443.09744263 -151.74504089]
351,6.666254872825153,6.483300026674492,89.2140971972848,[ 355.27667236 -151.38517761],[ 431.34057617 -151.69683838],[ 438.0067749  -151.72419739],[ 444.49002075 -151.7507019 ]
352,6.66353845598946,6.485619343237619,89.4027580950967,[ 356.48059082 -151.39016724],[ 432.73355103 -151.7026062 ],[ 439.39703369 -151.72987366],[ 445.88259888 -151.75637817]
353,6.660822351838116,6.487938846981626,89.591450010303,[ 357.68447876 -151.39506531],[ 434.12652588 -151.70828247],[ 440.78729248 -151.73553467],[ 447.275177   -151.76208496]
354,6.658319868948832,6.490075497403872,89.78011159575861,[ 358.88839722 -151.39997864],[ 435.51947021 -151.71395874],[ 442.17773438 -151.74119568],[ 448.66775513 -151.76785278]
355,6.65575635141757,6.492242101946518,89.9688031358844,[ 360.09228516 -151.404953  ],[ 436.91244507 -151.71969604],[ 443.56814575 -151.74691772],[ 450.06033325 -151.77354431]
356,6.6532236636320246,6.494377877411839,90.15746428373592,[ 361.29620361 -151.40986633],[ 438.30541992 -151.72540283],[ 444.95858765 -151.75268555],[ 451.45291138 -151.77920532]
357,6.650843375170387,6.496361877842688,90.3461258066702,[ 362.50012207 -151.41479492],[ 439.69839478 -151.73106384],[ 446.34918213 -151.75836182],[ 452.8454895  -151.78497314]
358,6.648493166180165,6.498315174081381,90.53481740931747,[ 363.70401001 -151.41976929],[ 441.09136963 -151.73681641],[ 447.73980713 -151.76402283],[ 454.23806763 -151.79067993]
359,6.646234697085211,6.50020706044398,90.7234783071524,[ 364.90792847 -151.42474365],[ 442.48431396 -151.74256897],[ 449.13049316 -151.76972961],[ 455.63064575 -151.79634094]
360,6.644098546854764,6.501946485390113,90.91217034736442,[ 366.11181641 -151.42965698],[ 443.87728882 -151.74832153],[ 450.52133179 -151.77549744],[ 457.02322388 -151.80209351]
361,6.641931505215174,6.503716802558602,91.10083199535029,[ 367.31573486 -151.43453979],[ 445.27026367 -151.7540741 ],[ 451.91213989 -151.78117371],[ 458.415802   -151.80784607]
362,6.639764712949383,6.50548724601078,91.28949333075813,[ 368.51965332 -151.43951416],[ 446.66323853 -151.75975037],[ 453.302948   -151.78683472],[ 459.80838013 -151.81361389]
363,6.637750569555257,6.507104852499201,91.47818518349236,[ 369.72354126 -151.44444275],[ 448.05621338 -151.76542664],[ 454.69390869 -151.79251099],[ 461.20095825 -151.81933594]
364,6.635797772655421,6.508691439089656,91.66684645637397,[ 370.92745972 -151.44934082],[ 449.44915771 -151.77110291],[ 456.0848999  -151.79826355],[ 462.59353638 -151.82501221]
365,6.633844789037613,6.510247697117688,91.85553793393555,[ 372.13134766 -151.45429993],[ 450.84213257 -151.77676392],[ 457.47592163 -151.80395508],[ 463.9861145  -151.83067322]
366,6.632044267057464,6.511651556518461,92.0441991442918,[ 373.33526611 -151.45921326],[ 452.23510742 -151.78242493],[ 458.86709595 -151.80961609],[ 465.37869263 -151.83634949]
367,6.6302746385024935,6.513024460818732,92.23286022961669,[ 374.53918457 -151.46412659],[ 453.62808228 -151.78807068],[ 460.25830078 -151.81535339],[ 466.77127075 -151.84199524]
368,6.62853515128005,6.514367098288025,92.42155176977569,[ 375.74307251 -151.46910095],[ 455.02105713 -151.79379272],[ 461.64953613 -151.82107544],[ 468.16384888 -151.84768677]
369,6.626795287772424,6.515740689891054,92.61021329268914,[ 376.94699097 -151.47401428],[ 456.41400146 -151.79956055],[ 463.04074097 -151.82675171],[ 469.556427   -151.85343933]
370,6.625055425340099,6.517083827621376,92.79890539549949,[ 378.15087891 -151.47891235],[ 457.80697632 -151.80531311],[ 464.43197632 -151.83241272],[ 470.94900513 -151.85919189]
371,6.623499166810587,6.518243360496414,92.98756654332539,[ 379.35479736 -151.48388672],[ 459.19995117 -151.81103516],[ 465.82339478 -151.83816528],[ 472.34158325 -151.86491394]
372,6.621912453768652,6.519494570666221,93.1762889133747,[ 380.55871582 -151.48881531],[ 460.59292603 -151.81671143],[ 467.21478271 -151.84388733],[ 473.73422241 -151.87063599]
373,6.62035613304745,6.5206544795365895,93.36498095371144,[ 381.76260376 -151.49371338],[ 461.98590088 -151.82237244],[ 468.60620117 -151.8495636 ],[ 475.12680054 -151.87637329]
374,6.619013057959233,6.521570061888751,93.5535809418129,[ 382.96652222 -151.49867249],[ 463.37884521 -151.82810974],[ 469.99780273 -151.85522461],[ 476.51931763 -151.88204956]
375,6.617639778468929,6.522515910706282,93.74224202711319,[ 384.17041016 -151.50361633],[ 464.77182007 -151.83383179],[ 471.3894043  -151.86094666],[ 477.91186523 -151.88772583]
376,6.6162972040640415,6.523431492991166,93.93087297025222,[ 385.37432861 -151.5085144 ],[ 466.16479492 -151.8394928 ],[ 472.78103638 -151.86665344],[ 479.30441284 -151.89344788]
377,6.614923799388477,6.524438376742534,94.11956482298842,[ 386.57824707 -151.51339722],[ 467.55776978 -151.84524536],[ 474.17263794 -151.87237549],[ 480.69702148 -151.89912415]
378,6.61355064518513,6.525445011398101,94.30828700544845,[ 387.78213501 -151.51832581],[ 468.95074463 -151.85099792],[ 475.5642395  -151.87815857],[ 482.08963013 -151.90480042]
379,6.611841549933652,6.52642131689075,94.49694790318622,[ 388.98605347 -151.52330017],[ 470.34405518 -151.85675049],[ 476.95584106 -151.88388062],[ 483.48220825 -151.91046143]
380,6.610254461514587,6.527245160462066,94.68563931832495,[ 390.18994141 -151.52827454],[ 471.73739624 -151.86248779],[ 478.34759521 -151.88957214],[ 484.87478638 -151.91612244]
381,6.608606276270988,6.528435336164613,94.87466654906838,[ 391.39385986 -151.53323364],[ 473.13079834 -151.8682251 ],[ 479.73934937 -151.89524841],[ 486.26773071 -151.92179871]
382,6.607080036303386,6.529564912406053,95.06372492213221,[ 392.59777832 -151.53811646],[ 474.52416992 -151.8739624 ],[ 481.13119507 -151.90089417],[ 487.66070557 -151.92755127]
383,6.605676239374573,6.530541716194487,95.25278304521548,[ 393.80166626 -151.5430603 ],[ 475.9175415  -151.87965393],[ 482.52316284 -151.90658569],[ 489.0536499  -151.93330383]
384,6.604333414893404,6.531549288330408,95.44184110579265,[ 395.00558472 -151.54803467],[ 477.31085205 -151.88531494],[ 483.91513062 -151.91223145],[ 490.44662476 -151.93907166]
385,6.603020983491015,6.532525968045203,95.63092955866011,[ 396.20947266 -151.55296326],[ 478.7041626  -151.89102173],[ 485.30712891 -151.91789246],[ 491.83959961 -151.94476318]
386,6.6016480771314825,6.533502459546837,95.81998761923867,[ 397.41339111 -151.55784607],[ 480.09753418 -151.8966217 ],[ 486.6991272  -151.92358398],[ 493.23257446 -151.95043945]
387,6.600245093555628,6.534478638175219,96.00904530473703,[ 398.61730957 -151.56282043],[ 481.49093628 -151.90219116],[ 488.09112549 -151.92935181],[ 494.62554932 -151.95611572]
388,6.598902771983338,6.535424176399815,96.19810299029021,[ 399.82119751 -151.56776428],[ 482.88427734 -151.90785217],[ 489.48312378 -151.93511963],[ 496.01849365 -151.96176147]
389,6.597498912329881,6.536431310322443,96.38716105084383,[ 401.02511597 -151.57266235],[ 484.27764893 -151.9135437 ],[ 490.87509155 -151.9407959 ],[ 497.41146851 -151.967453  ]
390,6.596308422176694,6.537255527249753,96.57624987874755,[ 402.22900391 -151.57754517],[ 485.67098999 -151.91929626],[ 492.26724243 -151.94647217],[ 498.80444336 -151.97319031]
391,6.59514832478984,6.538018897697888,96.76530825192005,[ 403.43292236 -151.58251953],[ 487.06436157 -151.92514038],[ 493.65945435 -151.95220947],[ 500.19741821 -151.97903442]
392,6.5939578365141625,6.5388129128750805,96.95436668772795,[ 404.63684082 -151.58746338],[ 488.45773315 -151.9309082 ],[ 495.05163574 -151.957901  ],[ 501.59039307 -151.98486328]
393,6.5927979286507705,6.539576287092748,97.14342512366088,[ 405.84072876 -151.59236145],[ 489.85107422 -151.93664551],[ 496.44381714 -151.96357727],[ 502.9833374  -151.99064636]
394,6.591608127735094,6.540369611093347,97.33248312173231,[ 407.04464722 -151.59732056],[ 491.2444458  -151.94232178],[ 497.83599854 -151.96934509],[ 504.37631226 -151.99638367]
395,6.590540334749301,6.541071194464381,97.52157132434787,[ 408.24853516 -151.60229492],[ 492.63778687 -151.94799805],[ 499.22827148 -151.97509766],[ 505.76928711 -152.00205994]
396,6.589563906080599,6.541651023523231,97.71062938496829,[ 409.45245361 -151.60717773],[ 494.03115845 -151.9536438 ],[ 500.6206665  -151.98077393],[ 507.16226196 -152.00773621]
397,6.588556520820432,6.542260993230992,97.89968682015807,[ 410.65637207 -151.61210632],[ 495.42453003 -151.9593811 ],[ 502.01303101 -151.98643494],[ 508.55523682 -152.01330566]
398,6.587610170994986,6.542810117165008,98.08874438055713,[ 411.86026001 -151.61708069],[ 496.81787109 -151.96514893],[ 503.40542603 -151.99212646],[ 509.94818115 -152.01895142]
399,6.5866033496346486,6.543420088915432,98.27780231610387,[ 413.06417847 -151.62197876],[ 498.21124268 -151.97084045],[ 504.79779053 -151.99787903],[ 511.34115601 -152.02461243]
400,6.585657062377461,6.543999980413672,98.466890831487,[ 414.26806641 -151.62689209],[ 499.60458374 -151.97657776],[ 506.19018555 -152.0035553 ],[ 512.73413086 -152.03030396]
401,6.584680508072343,6.544549541976775,98.65591831222625,[ 415.47198486 -151.63186646],[ 500.99795532 -151.98226929],[ 507.58258057 -152.00924683],[ 514.1270752  -152.03605652]
